Pin name;WLCSP156;UFBGA169;LQFP176;LQFP208;TFBGA240+25;Pin type;I/O structure;AF0;AF1;AF2;AF3;AF4;AF5;AF6;AF7;AF8;AF9;AF10;AF11;AF12;AF13;AF14;AF15;Alternate functions;Additional functions;Footnotes;Remarks
PE2;D9;A2;1;1;C3;I/O;FT_h;TRACECLK;;SAI1_CK1;;;SPI4_SCK;SAI1_MCLK_A;;SAI4_MCLK_A;QUADSPI_BK1_IO2;SAI4_CK1;ETH_MII_TXD3;FMC_A23;;;EVENTOUT;TRACECLK, SAI1_CK1, SPI4_SCK, SAI1_MCLK_A, SAI4_MCLK_A, QUADSPI_BK1_IO2, SAI4_CK1, ETH_MII_TXD3, FMC_A23, EVENTOUT;;;
PE3;D10;C3;2;2;D3;I/O;FT_h;TRACED0;;;;TIM15_BKIN;;SAI1_SD_B;;SAI4_SD_B;;;;FMC_A19;;;EVENTOUT;TRACED0, TIM15_BKIN, SAI1_SD_B, SAI4_SD_B, FMC_A19, EVENTOUT;;;
PE4;B12;D3;3;3;D2;I/O;FT_h;TRACED1;;SAI1_D2;DFSDM1_DATIN3;TIM15_CH1N;SPI4_NSS;SAI1_FS_A;;SAI4_FS_A;;SAI4_D2;;FMC_A20;DCMI_D4;LCD_B0;EVENTOUT;TRACED1, SAI1_D2, DFSDM1_DATIN3, TIM15_CH1N, SPI4_NSS, SAI1_FS_A, SAI4_FS_A, SAI4_D2, FMC_A20, DCMI_D4, LCD_B0, EVENTOUT;;;
PE5;C11;E4;4;4;D1;I/O;FT_h;TRACED2;;SAI1_CK2;DFSDM1_CKIN3;TIM15_CH1;SPI4_MISO;SAI1_SCK_A;;SAI4_SCK_A;;SAI4_CK2;;FMC_A21;DCMI_D6;LCD_G0;EVENTOUT;TRACED2, SAI1_CK2, DFSDM1_CKIN3, TIM15_CH1, SPI4_MISO, SAI1_SCK_A, SAI4_SCK_A, SAI4_CK2, FMC_A21, DCMI_D6, LCD_G0, EVENTOUT;;;
PE6;E8;C2;5;5;E5;I/O;FT_h;TRACED3;TIM1_BKIN2;SAI1_D1;;TIM15_CH2;SPI4_MOSI;SAI1_SD_A;;SAI4_SD_A;SAI4_D1;SAI2_MCLK_B;TIM1_BKIN2_COMP12;FMC_A22;DCMI_D7;LCD_G1;EVENTOUT;TRACED3, TIM1_BKIN2, SAI1_D1, TIM15_CH2, SPI4_MOSI, SAI1_SD_A, SAI4_SD_A, SAI4_D1, SAI2_MCLK_B, TIM1_BKIN2_COMP12, FMC_A22, DCMI_D7, LCD_G1, EVENTOUT;;;
VSS;;A1;6;6;A1;S;;;;;;;;;;;;;;;;;;;;;
VDD;;A9;7;7;;S;;;;;;;;;;;;;;;;;;;;;
VBAT;B13;B1;8;8;B1;S;;;;;;;;;;;;;;;;;;;;;
VSS;D11;;;;B2;S;;;;;;;;;;;;;;;;;;;;;
PI8;;;;9;E4;I/O;FT;;;;;;;;;;;;;;;;EVENTOUT;EVENTOUT;RTC_TAMP2/WKUP3;;
PC13;E9;E3;9;10;E3;I/O;FT;;;;;;;;;;;;;;;;EVENTOUT;EVENTOUT;RTC_TAMP1/RTC_TS/WKUP4;;
PC14-OSC32_IN(OSC32_IN);C13;C1;10;11;C2;I/O;FT;;;;;;;;;;;;;;;;EVENTOUT;EVENTOUT;OSC32_IN;1: When this pin/ball was previously configured as an oscillator, the oscillator function is kept during and after a reset. This is valid for all resets except for power-on reset.;
PC15-OSC32_OUT(OSC32_OUT);C12;D2;11;12;C1;I/O;FT;;;;;;;;;;;;;;;;EVENTOUT;EVENTOUT;OSC32_OUT;1: When this pin/ball was previously configured as an oscillator, the oscillator function is kept during and after a reset. This is valid for all resets except for power-on reset.;
PI9;;;;13;E2;I/O;FT_h;;;;;;;;;UART4_RX;FDCAN1_RX;;;FMC_D30;;LCD_VSYNC;EVENTOUT;UART4_RX, FDCAN1_RX, FMC_D30, LCD_VSYNC, EVENTOUT;;;
PI10;;;;14;F3;I/O;FT_h;;;;;;;;;;;;ETH_MII_RX_ER;FMC_D31;;LCD_HSYNC;EVENTOUT;ETH_MII_RX_ER, FMC_D31, LCD_HSYNC, EVENTOUT;;;
PI11;;;;15;F4;I/O;FT;;;;;;;;;;LCD_G6;OTG_HS_ULPI_DIR;;;;;EVENTOUT;LCD_G6, OTG_HS_ULPI_DIR, EVENTOUT;WKUP5;;
VSS;;B4;12;16;A17;S;;;;;;;;;;;;;;;;;;;;;
VDD;D13;E2;13;17;E6;S;;;;;;;;;;;;;;;;;;;;;
VSSSMPS;D12;F2;14;18;F2;S;;;;;;;;;;;;;;;;;;;;;
VLXSMPS;E12;E1;15;19;E1;S;;;;;;;;;;;;;;;;;;;;;
VDDSMPS;E13;F1;16;20;F1;S;;;;;;;;;;;;;;;;;;;;;
VFBSMPS;E11;F3;17;21;G2;S;;;;;;;;;;;;;;;;;;;;;
PF0;E10;F4;18;22;G4;I/O;FT_f;;;;;I2C2_SDA;;;;;;;;FMC_A0;;;EVENTOUT;I2C2_SDA, FMC_A0, EVENTOUT;;;
PF1;F9;F5;19;23;G3;I/O;FT_f;;;;;I2C2_SCL;;;;;;;;FMC_A1;;;EVENTOUT;I2C2_SCL, FMC_A1, EVENTOUT;;;
PF2;F12;F6;20;24;G1;I/O;FT;;;;;I2C2_SMBA;;;;;;;;FMC_A2;;;EVENTOUT;I2C2_SMBA, FMC_A2, EVENTOUT;;;
PI12;;;;;H1;I/O;FT;;;;;;;;;;;;;;;LCD_HSYNC;EVENTOUT;LCD_HSYNC, EVENTOUT;;;
PI13;;;;;H2;I/O;FT;;;;;;;;;;;;;;;LCD_VSYNC;EVENTOUT;LCD_VSYNC, EVENTOUT;;;
PI14;;;;;H3;I/O;FT_h;;;;;;;;;;;;;;;LCD_CLK;EVENTOUT;LCD_CLK, EVENTOUT;;;
PF3;F13;G2;21;25;H4;I/O;FT_ha;;;;;;;;;;;;;FMC_A3;;;EVENTOUT;FMC_A3, EVENTOUT;ADC3_INP5;;
PF4;F11;G1;22;26;J5;I/O;FT_ha;;;;;;;;;;;;;FMC_A4;;;EVENTOUT;FMC_A4, EVENTOUT;ADC3_INN5, ADC3_INP9;;
PF5;F10;G3;23;27;J4;I/O;FT_ha;;;;;;;;;;;;;FMC_A5;;;EVENTOUT;FMC_A5, EVENTOUT;ADC3_INP4;;
VSS;G12;;24;28;C10;S;;;;;;;;;;;;;;;;;;;;;
VDD;G13;H1;25;29;E9;S;;;;;;;;;;;;;;;;;;;;;
PF6;;G4;26;30;K2;I/O;FT_ha;;TIM16_CH1;;;;SPI5_NSS;SAI1_SD_B;UART7_RX;SAI4_SD_B;QUADSPI_BK1_IO3;;;;;;EVENTOUT;TIM16_CH1, SPI5_NSS, SAI1_SD_B, UART7_RX, SAI4_SD_B, QUADSPI_BK1_IO3, EVENTOUT;ADC3_INN4, ADC3_INP8;;
PF7;;G5;27;31;K3;I/O;FT_ha;;TIM17_CH1;;;;SPI5_SCK;SAI1_MCLK_B;UART7_TX;SAI4_MCLK_B;QUADSPI_BK1_IO2;;;;;;EVENTOUT;TIM17_CH1, SPI5_SCK, SAI1_MCLK_B, UART7_TX, SAI4_MCLK_B, QUADSPI_BK1_IO2, EVENTOUT;ADC3_INP3;;
PF8;;G6;28;32;K4;I/O;FT_ha;;TIM16_CH1N;;;;SPI5_MISO;SAI1_SCK_B;UART7_RTS/UART7_DE;SAI4_SCK_B;TIM13_CH1;QUADSPI_BK1_IO0;;;;;EVENTOUT;TIM16_CH1N, SPI5_MISO, SAI1_SCK_B, UART7_RTS/UART7_DE, SAI4_SCK_B, TIM13_CH1, QUADSPI_BK1_IO0, EVENTOUT;ADC3_INN3, ADC3_INP7;;
PF9;;H3;29;33;L4;I/O;FT_ha;;TIM17_CH1N;;;;SPI5_MOSI;SAI1_FS_B;UART7_CTS;SAI4_FS_B;TIM14_CH1;QUADSPI_BK1_IO1;;;;;EVENTOUT;TIM17_CH1N, SPI5_MOSI, SAI1_FS_B, UART7_CTS, SAI4_FS_B, TIM14_CH1, QUADSPI_BK1_IO1, EVENTOUT;ADC3_INP2;;
PF10;;H4;30;34;L3;I/O;FT_ha;;TIM16_BKIN;SAI1_D3;;;;;;;QUADSPI_CLK;SAI4_D3;;;DCMI_D11;LCD_DE;EVENTOUT;TIM16_BKIN, SAI1_D3, QUADSPI_CLK, SAI4_D3, DCMI_D11, LCD_DE, EVENTOUT;ADC3_INN2, ADC3_INP6;;
PH0-OSC_IN(PH0);H12;J2;31;35;J2;I/O;FT;;;;;;;;;;;;;;;;EVENTOUT;EVENTOUT;OSC_IN;;
PH1-OSC_OUT(PH1);H13;J1;32;36;J1;I/O;FT;;;;;;;;;;;;;;;;EVENTOUT;EVENTOUT;OSC_OUT;;
NRST;H11;H5;33;37;K1;I/O;RST;;;;;;;;;;;;;;;;;;;;
PC0;G11;J4;34;38;L2;I/O;FT_a;;;;DFSDM1_CKIN0;;;DFSDM1_DATIN4;;SAI2_FS_B;;OTG_HS_ULPI_STP;;FMC_SDNWE;;LCD_R5;EVENTOUT;DFSDM1_CKIN0, DFSDM1_DATIN4, SAI2_FS_B, OTG_HS_ULPI_STP, FMC_SDNWE, LCD_R5, EVENTOUT;ADC123_INP10;;
PC1;G10;J3;35;39;M2;I/O;FT_ha;TRACED0;;SAI1_D1;DFSDM1_DATIN0;DFSDM1_CKIN4;SPI2_MOSI/I2S2_SDO;SAI1_SD_A;;SAI4_SD_A;SDMMC2_CK;SAI4_D1;ETH_MDC;MDIOS_MDC;;;EVENTOUT;TRACED0, SAI1_D1, DFSDM1_DATIN0, DFSDM1_CKIN4, SPI2_MOSI/I2S2_SDO, SAI1_SD_A, SAI4_SD_A, SDMMC2_CK, SAI4_D1, ETH_MDC, MDIOS_MDC, EVENTOUT;ADC123_INN10, ADC123_INP11, RTC_TAMP3/WKUP6;;
PC2;;;;;M3;I/O;FT_a;C1DSLEEP;;;DFSDM1_CKIN1;;SPI2_MISO/I2S2_SDI;DFSDM1_CKOUT;;;;OTG_HS_ULPI_DIR;ETH_MII_TXD2;FMC_SDNE0;;;EVENTOUT;C1DSLEEP, DFSDM1_CKIN1, SPI2_MISO/I2S2_SDI, DFSDM1_CKOUT, OTG_HS_ULPI_DIR, ETH_MII_TXD2, FMC_SDNE0, EVENTOUT;ADC123_INN11, ADC123_INP12;2: Pxy_C and Pxy pins/balls are two separate pads (analog switch open). The analog switch is configured through a SYSCFG register. Refer to the product reference manual for a detailed description of the switch configuration bits.;
PC2_C;K13;K1;36;40;R1;ANA;TT_a;;;;;;;;;;;;;;;;;;ADC3_INN1, ADC3_INP0;1: When this pin/ball was previously configured as an oscillator, the oscillator function is kept during and after a reset. This is valid for all resets except for power-on reset. | 3: There is a direct path between Pxy_C and Pxy pins/balls, through an analog switch. Pxy alternate functions are available on Pxy_C when the analog switch is closed. The analog switch is configured through a SYSCFG register. Refer to the product reference manual for a detailed description of the switch configuration bits.;
PC3;;;;;M4;I/O;FT_a;C1SLEEP;;;DFSDM1_DATIN1;;SPI2_MOSI/I2S2_SDO;;;;;OTG_HS_ULPI_NXT;ETH_MII_TX_CLK;FMC_SDCKE0;;;EVENTOUT;C1SLEEP, DFSDM1_DATIN1, SPI2_MOSI/I2S2_SDO, OTG_HS_ULPI_NXT, ETH_MII_TX_CLK, FMC_SDCKE0, EVENTOUT;ADC12_INN12, ADC12_INP13;1: When this pin/ball was previously configured as an oscillator, the oscillator function is kept during and after a reset. This is valid for all resets except for power-on reset.;
PC3_C;K12;K2;37;41;R2;ANA;TT_a;;;;;;;;;;;;;;;;;;ADC3_INP1;1: When this pin/ball was previously configured as an oscillator, the oscillator function is kept during and after a reset. This is valid for all resets except for power-on reset. | 3: There is a direct path between Pxy_C and Pxy pins/balls, through an analog switch. Pxy alternate functions are available on Pxy_C when the analog switch is closed. The analog switch is configured through a SYSCFG register. Refer to the product reference manual for a detailed description of the switch configuration bits.;
VDD;;M2;;;E11;S;;;;;;;;;;;;;;;;;;;;;
VSS;;C12;;;C13;S;;;;;;;;;;;;;;;;;;;;;
VSSA;J13;;38;42;P1;S;;;;;;;;;;;;;;;;;;;;;
VREF-;;L1;;;N1;S;;;;;;;;;;;;;;;;;;;;;
VREF+;J12;M1;39;43;M1;S;;;;;;;;;;;;;;;;;;;;;
VDDA;J11;L2;40;44;L1;S;;;;;;;;;;;;;;;;;;;;;
PA0;L13;K3;41;45;N5;I/O;FT_a;;TIM2_CH1/TIM2_ETR;TIM5_CH1;TIM8_ETR;TIM15_BKIN;;;USART2_CTS/USART2_NSS;UART4_TX;SDMMC2_CMD;SAI2_SD_B;ETH_MII_CRS;;;;EVENTOUT;TIM2_CH1/TIM2_ETR, TIM5_CH1, TIM8_ETR, TIM15_BKIN, USART2_CTS/USART2_NSS, UART4_TX, SDMMC2_CMD, SAI2_SD_B, ETH_MII_CRS, EVENTOUT;ADC1_INP16, WKUP1;1: When this pin/ball was previously configured as an oscillator, the oscillator function is kept during and after a reset. This is valid for all resets except for power-on reset.;
PA0_C;;;;;T1;ANA;TT_a;;;;;;;;;;;;;;;;;;ADC12_INN1, ADC12_INP0;1: When this pin/ball was previously configured as an oscillator, the oscillator function is kept during and after a reset. This is valid for all resets except for power-on reset.;
PA1;L12;L3;42;46;N4;I/O;FT_ha;;TIM2_CH2;TIM5_CH2;LPTIM3_OUT;TIM15_CH1N;;;USART2_RTS/USART2_DE;UART4_RX;QUADSPI_BK1_IO3;SAI2_MCLK_B;ETH_MII_RX_CLK/ETH_RMII_REF_CLK;;;LCD_R2;EVENTOUT;TIM2_CH2, TIM5_CH2, LPTIM3_OUT, TIM15_CH1N, USART2_RTS/USART2_DE, UART4_RX, QUADSPI_BK1_IO3, SAI2_MCLK_B, ETH_MII_RX_CLK/ETH_RMII_REF_CLK, LCD_R2, EVENTOUT;ADC1_INN16, ADC1_INP17;1: When this pin/ball was previously configured as an oscillator, the oscillator function is kept during and after a reset. This is valid for all resets except for power-on reset.;
PA1_C;;;;;T2;ANA;TT_a;;;;;;;;;;;;;;;;;;ADC12_INP1;1: When this pin/ball was previously configured as an oscillator, the oscillator function is kept during and after a reset. This is valid for all resets except for power-on reset.;
PA2;K11;M3;43;47;N3;I/O;FT_a;;TIM2_CH3;TIM5_CH3;LPTIM4_OUT;TIM15_CH1;;;USART2_TX;SAI2_SCK_B;;;ETH_MDIO;MDIOS_MDIO;;LCD_R1;EVENTOUT;TIM2_CH3, TIM5_CH3, LPTIM4_OUT, TIM15_CH1, USART2_TX, SAI2_SCK_B, ETH_MDIO, MDIOS_MDIO, LCD_R1, EVENTOUT;ADC12_INP14, WKUP2;;
PH2;;;;48;N2;I/O;FT_ha;;LPTIM1_IN2;;;;;;;;QUADSPI_BK2_IO0;SAI2_SCK_B;ETH_MII_CRS;FMC_SDCKE0;;LCD_R0;EVENTOUT;LPTIM1_IN2, QUADSPI_BK2_IO0, SAI2_SCK_B, ETH_MII_CRS, FMC_SDCKE0, LCD_R0, EVENTOUT;ADC3_INP13;;
VDD;;;44;49;F5;S;;;;;;;;;;;;;;;;;;;;;
VSS;;N1;45;50;C16;S;;;;;;;;;;;;;;;;;;;;;
PH3;;;;51;P2;I/O;FT_ha;;;;;;;;;;QUADSPI_BK2_IO1;SAI2_MCLK_B;ETH_MII_COL;FMC_SDNE0;;LCD_R1;EVENTOUT;QUADSPI_BK2_IO1, SAI2_MCLK_B, ETH_MII_COL, FMC_SDNE0, LCD_R1, EVENTOUT;ADC3_INN13, ADC3_INP14;;
PH4;;;;52;P3;I/O;FT_fa;;;;;I2C2_SCL;;;;;LCD_G5;OTG_HS_ULPI_NXT;;;;LCD_G4;EVENTOUT;I2C2_SCL, LCD_G5, OTG_HS_ULPI_NXT, LCD_G4, EVENTOUT;ADC3_INN14, ADC3_INP15;;
PH5;;;;53;P4;I/O;FT_fa;;;;;I2C2_SDA;SPI5_NSS;;;;;;;FMC_SDNWE;;;EVENTOUT;I2C2_SDA, SPI5_NSS, FMC_SDNWE, EVENTOUT;ADC3_INN15, ADC3_INP16;;
PA3;J10;N2;46;54;U2;I/O;FT_ha;;TIM2_CH4;TIM5_CH4;LPTIM5_OUT;TIM15_CH2;;;USART2_RX;;LCD_B2;OTG_HS_ULPI_D0;ETH_MII_COL;;;LCD_B5;EVENTOUT;TIM2_CH4, TIM5_CH4, LPTIM5_OUT, TIM15_CH2, USART2_RX, LCD_B2, OTG_HS_ULPI_D0, ETH_MII_COL, LCD_B5, EVENTOUT;ADC12_INP15;;
VSS;L11;;47;55;;S;;;;;;;;;;;;;;;;;;;;;
VDD;M12;;48;56;G5;S;;;;;;;;;;;;;;;;;;;;;
PA4;K10;N3;49;57;U3;I/O;TT_a;D1PWRE;;TIM5_ETR;;;SPI1_NSS/I2S1_WS;SPI3_NSS/I2S3_WS;USART2_CK;SPI6_NSS;;;;OTG_HS_SOF;DCMI_HSYNC;LCD_VSYNC;EVENTOUT;D1PWREN, TIM5_ETR, SPI1_NSS/I2S1_WS, SPI3_NSS/I2S3_WS, USART2_CK, SPI6_NSS, OTG_HS_SOF, DCMI_HSYNC, LCD_VSYNC, EVENTOUT;ADC12_INP18, DAC1_OUT1;;AF mismatch — only in Table 8 summary [D1PWREN], only in AF table [D1PWRE]
PA5;H10;J5;50;58;T3;I/O;TT_ha;D2PWRE;TIM2_CH1/TIM2_ETR;;TIM8_CH1N;;SPI1_SCK/I2S1_CK;;;SPI6_SCK;;OTG_HS_ULPI_CK;;;;LCD_R4;EVENTOUT;D2PWREN, TIM2_CH1/TIM2_ETR, TIM8_CH1N, SPI1_SCK/I2S1_CK, SPI6_SCK, OTG_HS_ULPI_CK, LCD_R4, EVENTOUT;ADC12_INN18, ADC12_INP19, DAC1_OUT2;;AF mismatch — only in Table 8 summary [D2PWREN], only in AF table [D2PWRE]
PA6;G9;M4;51;59;R3;I/O;FT_a;;TIM1_BKIN;TIM3_CH1;TIM8_BKIN;;SPI1_MISO/I2S1_SDI;;;SPI6_MISO;TIM13_CH1;TIM8_BKIN_COMP12;MDIOS_MDC;TIM1_BKIN_COMP12;DCMI_PIXCLK;LCD_G2;EVENTOUT;TIM1_BKIN, TIM3_CH1, TIM8_BKIN, SPI1_MISO/I2S1_SDI, SPI6_MISO, TIM13_CH1, TIM8_BKIN_COMP12, MDIOS_MDC, TIM1_BKIN_COMP12, DCMI_PIXCLK, LCD_G2, EVENTOUT;ADC12_INP3;;
PA7;J9;K4;52;60;R5;I/O;TT_a;;TIM1_CH1N;TIM3_CH2;TIM8_CH1N;;SPI1_MOSI/I2S1_SDO;;;SPI6_MOSI;TIM14_CH1;;ETH_MII_RX_DV/ETH_RMII_CRS_DV;FMC_SDNWE;;;EVENTOUT;TIM1_CH1N, TIM3_CH2, TIM8_CH1N, SPI1_MOSI/I2S1_SDO, SPI6_MOSI, TIM14_CH1, ETH_MII_RX_DV/ETH_RMII_CRS_DV, FMC_SDNWE, EVENTOUT;ADC12_INN3, ADC12_INP7, OPAMP1_VINM;;
PC4;M11;L4;53;61;T4;I/O;TT_a;C2DSLEEP;;;DFSDM1_CKIN2;;I2S1_MCK;;;;SPDIFRX1_IN3;;ETH_MII_RXD0/ETH_RMII_RXD0;FMC_SDNE0;;;EVENTOUT;C2DSLEEP, DFSDM1_CKIN2, I2S1_MCK, SPDIFRX1_IN3, ETH_MII_RXD0/ETH_RMII_RXD0, FMC_SDNE0, EVENTOUT;ADC12_INP4, OPAMP1_VOUT, COMP1_INM;;
PC5;L10;K5;54;62;U4;I/O;TT_a;C2SLEEP;;SAI1_D3;DFSDM1_DATIN2;;;;;;SPDIFRX1_IN4;SAI4_D3;ETH_MII_RXD1/ETH_RMII_RXD1;FMC_SDCKE0;COMP1_OUT;;EVENTOUT;C2SLEEP, SAI1_D3, DFSDM1_DATIN2, SPDIFRX1_IN4, SAI4_D3, ETH_MII_RXD1/ETH_RMII_RXD1, FMC_SDCKE0, COMP1_OUT, EVENTOUT;ADC12_INN4, ADC12_INP8, OPAMP1_VINM;;
VDD;;;;;G13;S;;;;;;;;;;;;;;;;;;;;;
VSS;;H2;;;R4;S;;;;;;;;;;;;;;;;;;;;;
PB0;K9;N4;55;63;U5;I/O;FT_a;;TIM1_CH2N;TIM3_CH3;TIM8_CH2N;;;DFSDM1_CKOUT;;UART4_CTS;LCD_R3;OTG_HS_ULPI_D1;ETH_MII_RXD2;;;LCD_G1;EVENTOUT;TIM1_CH2N, TIM3_CH3, TIM8_CH2N, DFSDM1_CKOUT, UART4_CTS, LCD_R3, OTG_HS_ULPI_D1, ETH_MII_RXD2, LCD_G1, EVENTOUT;ADC12_INN5, ADC12_INP9, OPAMP1_VINP, COMP1_INP;;
PB1;H9;H6;56;64;T5;I/O;TT_a;;TIM1_CH3N;TIM3_CH4;TIM8_CH3N;;;DFSDM1_DATIN1;;;LCD_R6;OTG_HS_ULPI_D2;ETH_MII_RXD3;;;LCD_G0;EVENTOUT;TIM1_CH3N, TIM3_CH4, TIM8_CH3N, DFSDM1_DATIN1, LCD_R6, OTG_HS_ULPI_D2, ETH_MII_RXD3, LCD_G0, EVENTOUT;ADC12_INP5, COMP1_INM;;
PB2;M10;L5;57;65;R6;I/O;FT_ha;RTC_OUT;;SAI1_D1;;DFSDM1_CKIN1;;SAI1_SD_A;SPI3_MOSI/I2S3_SDO;SAI4_SD_A;QUADSPI_CLK;SAI4_D1;;;;;EVENTOUT;RTC_OUT, SAI1_D1, DFSDM1_CKIN1, SAI1_SD_A, SPI3_MOSI/I2S3_SDO, SAI4_SD_A, QUADSPI_CLK, SAI4_D1, EVENTOUT;COMP1_INP;;
PI15;;;;66;P5;I/O;FT;;;;;;;;;;LCD_G2;;;;;LCD_R0;EVENTOUT;LCD_G2, LCD_R0, EVENTOUT;;;
PJ0;;;;;N6;I/O;FT;;;;;;;;;;LCD_R7;;;;;LCD_R1;EVENTOUT;LCD_R7, LCD_R1, EVENTOUT;;;
PJ1;;;;;P6;I/O;FT;;;;;;;;;;;;;;;LCD_R2;EVENTOUT;LCD_R2, EVENTOUT;;;
PJ2;;;;;T6;I/O;FT;;;;;;;;;;;;;;DSI_TE;LCD_R3;EVENTOUT;DSI_TE, LCD_R3, EVENTOUT;;;
PJ3;;;;;U6;I/O;FT;;;;;;;;;;;;;;;LCD_R4;EVENTOUT;LCD_R4, EVENTOUT;;;
PJ4;;;;;U7;I/O;FT;;;;;;;;;;;;;;;LCD_R5;EVENTOUT;LCD_R5, EVENTOUT;;;
PF11;F8;K6;58;67;T7;I/O;FT_a;;;;;;SPI5_MOSI;;;;;SAI2_SD_B;;FMC_SDNRAS;DCMI_D12;;EVENTOUT;SPI5_MOSI, SAI2_SD_B, FMC_SDNRAS, DCMI_D12, EVENTOUT;ADC1_INP2;;
PF12;G8;J6;59;68;R7;I/O;FT_ha;;;;;;;;;;;;;FMC_A6;;;EVENTOUT;FMC_A6, EVENTOUT;ADC1_INN2, ADC1_INP6;;
VSS;L9;;;;J3;S;;;;;;;;;;;;;;;;;;;;;
VDD;M9;;;;H5;S;;;;;;;;;;;;;;;;;;;;;
PF13;H8;M5;60;69;P7;I/O;FT_ha;;;;DFSDM1_DATIN6;I2C4_SMBA;;;;;;;;FMC_A7;;;EVENTOUT;DFSDM1_DATIN6, I2C4_SMBA, FMC_A7, EVENTOUT;ADC2_INP2;;
PF14;K8;N5;61;70;P8;I/O;FT_fha;;;;DFSDM1_CKIN6;I2C4_SCL;;;;;;;;FMC_A8;;;EVENTOUT;DFSDM1_CKIN6, I2C4_SCL, FMC_A8, EVENTOUT;ADC2_INN2, ADC2_INP6;;
PF15;J8;M7;62;71;R9;I/O;FT_fh;;;;;I2C4_SDA;;;;;;;;FMC_A9;;;EVENTOUT;I2C4_SDA, FMC_A9, EVENTOUT;;;
PG0;L8;L6;63;72;T8;I/O;FT_h;;;;;;;;;;;;;FMC_A10;;;EVENTOUT;FMC_A10, EVENTOUT;;;
VSS;;M9;64;73;J16;S;;;;;;;;;;;;;;;;;;;;;
VDD;;;65;74;H13;S;;;;;;;;;;;;;;;;;;;;;
PG1;M8;J7;66;75;U8;I/O;TT_h;;;;;;;;;;;;;FMC_A11;;;EVENTOUT;FMC_A11, EVENTOUT;OPAMP2_VINM;;
PE7;H7;K7;67;76;U9;I/O;TT_ha;;TIM1_ETR;;DFSDM1_DATIN2;;;;UART7_RX;;;QUADSPI_BK2_IO0;;FMC_D4/FMC_DA4;;;EVENTOUT;TIM1_ETR, DFSDM1_DATIN2, UART7_RX, QUADSPI_BK2_IO0, FMC_D4/FMC_DA4, EVENTOUT;OPAMP2_VOUT, COMP2_INM;;
PE8;J7;L8;68;77;T9;I/O;TT_ha;;TIM1_CH1N;;DFSDM1_CKIN2;;;;UART7_TX;;;QUADSPI_BK2_IO1;;FMC_D5/FMC_DA5;COMP2_OUT;;EVENTOUT;TIM1_CH1N, DFSDM1_CKIN2, UART7_TX, QUADSPI_BK2_IO1, FMC_D5/FMC_DA5, COMP2_OUT, EVENTOUT;OPAMP2_VINM;;
PE9;K7;N6;69;78;P9;I/O;TT_ha;;TIM1_CH1;;DFSDM1_CKOUT;;;;UART7_RTS/UART7_DE;;;QUADSPI_BK2_IO2;;FMC_D6/FMC_DA6;;;EVENTOUT;TIM1_CH1, DFSDM1_CKOUT, UART7_RTS/UART7_DE, QUADSPI_BK2_IO2, FMC_D6/FMC_DA6, EVENTOUT;OPAMP2_VINP, COMP2_INP;;
VSS;L7;M6;70;79;J17;S;;;;;;;;;;;;;;;;;;;;;
VDD;M7;;71;80;J13;S;;;;;;;;;;;;;;;;;;;;;
PE10;G7;L7;72;81;N9;I/O;FT_ha;;TIM1_CH2N;;DFSDM1_DATIN4;;;;UART7_CTS;;;QUADSPI_BK2_IO3;;FMC_D7/FMC_DA7;;;EVENTOUT;TIM1_CH2N, DFSDM1_DATIN4, UART7_CTS, QUADSPI_BK2_IO3, FMC_D7/FMC_DA7, EVENTOUT;COMP2_INM;;
PE11;G6;N7;73;82;P10;I/O;FT_ha;;TIM1_CH2;;DFSDM1_CKIN4;;SPI4_NSS;;;;;SAI2_SD_B;;FMC_D8/FMC_DA8;;LCD_G3;EVENTOUT;TIM1_CH2, DFSDM1_CKIN4, SPI4_NSS, SAI2_SD_B, FMC_D8/FMC_DA8, LCD_G3, EVENTOUT;COMP2_INP;;
PE12;J6;J8;74;83;R10;I/O;FT_h;;TIM1_CH3N;;DFSDM1_DATIN5;;SPI4_SCK;;;;;SAI2_SCK_B;;FMC_D9/FMC_DA9;COMP1_OUT;LCD_B4;EVENTOUT;TIM1_CH3N, DFSDM1_DATIN5, SPI4_SCK, SAI2_SCK_B, FMC_D9/FMC_DA9, COMP1_OUT, LCD_B4, EVENTOUT;;;
PE13;K6;H8;75;84;T10;I/O;FT_h;;TIM1_CH3;;DFSDM1_CKIN5;;SPI4_MISO;;;;;SAI2_FS_B;;FMC_D10/FMC_DA10;COMP2_OUT;LCD_DE;EVENTOUT;TIM1_CH3, DFSDM1_CKIN5, SPI4_MISO, SAI2_FS_B, FMC_D10/FMC_DA10, COMP2_OUT, LCD_DE, EVENTOUT;;;
VSS;;H2;;;T12;S;;;;;;;;;;;;;;;;;;;;;
VDD;;;;;K13;S;;;;;;;;;;;;;;;;;;;;;
PE14;M6;M8;76;85;U10;I/O;FT_h;;TIM1_CH4;;;;SPI4_MOSI;;;;;SAI2_MCLK_B;;FMC_D11/FMC_DA11;;LCD_CLK;EVENTOUT;TIM1_CH4, SPI4_MOSI, SAI2_MCLK_B, FMC_D11/FMC_DA11, LCD_CLK, EVENTOUT;;;
PE15;L6;K8;77;86;R11;I/O;FT_h;;TIM1_BKIN;;;;TIM1_BKIN;;;;;;;FMC_D12/FMC_DA12;TIM1_BKIN_COMP12/COMP_TIM1_BKIN;LCD_R7;EVENTOUT;TIM1_BKIN, COMP_TIM1_BKIN, FMC_D12/FMC_DA12, TIM1_BKIN_COMP12, LCD_R7, EVENTOUT;;;
PB10;H6;K9;78;87;P11;I/O;FT_f;;TIM2_CH3;HRTIM_SCOUT;LPTIM2_IN1;I2C2_SCL;SPI2_SCK/I2S2_CK;DFSDM1_DATIN7;USART3_TX;;QUADSPI_BK1_NCS;OTG_HS_ULPI_D3;ETH_MII_RX_ER;;;LCD_G4;EVENTOUT;TIM2_CH3, HRTIM_SCOUT, LPTIM2_IN1, I2C2_SCL, SPI2_SCK/I2S2_CK, DFSDM1_DATIN7, USART3_TX, QUADSPI_BK1_NCS, OTG_HS_ULPI_D3, ETH_MII_RX_ER, LCD_G4, EVENTOUT;;;
PB11;K5;N8;79;88;P12;I/O;FT_f;;TIM2_CH4;HRTIM_SCIN;LPTIM2_ETR;I2C2_SDA;;DFSDM1_CKIN7;USART3_RX;;;OTG_HS_ULPI_D4;ETH_MII_TX_EN/ETH_RMII_TX_EN;;DSI_TE;LCD_G5;EVENTOUT;TIM2_CH4, HRTIM_SCIN, LPTIM2_ETR, I2C2_SDA, DFSDM1_CKIN7, USART3_RX, OTG_HS_ULPI_D4, ETH_MII_TX_EN/ETH_RMII_TX_EN, DSI_TE, LCD_G5, EVENTOUT;;;
VCAP;M5;N9;80;89;U11;S;;;;;;;;;;;;;;;;;;;;;
VSS;L5;;81;90;;S;;;;;;;;;;;;;;;;;;;;;
VDDLDO;L4;N10;82;91;U12;S;;;;;;;;;;;;;;;;;;;;;
VDD;M4;;;;L13;S;;;;;;;;;;;;;;;;;;;;;
PJ5;;;;;R12;I/O;FT;;;;;;;;;;;;;;;LCD_R6;EVENTOUT;LCD_R6, EVENTOUT;;;
PH6;;;;92;T11;I/O;FT;;;;;I2C2_SMBA;SPI5_SCK;;;;;;ETH_MII_RXD2;FMC_SDNE1;DCMI_D8;;EVENTOUT;TIM12_CH1, I2C2_SMBA, SPI5_SCK, ETH_MII_RXD2, FMC_SDNE1, DCMI_D8, EVENTOUT;;;AF mismatch — only in Table 8 summary [TIM12_CH1], only in AF table [none]
PH7;;;;93;U13;I/O;FT_fa;;;;;I2C3_SCL;SPI5_MISO;;;;;;ETH_MII_RXD3;FMC_SDCKE1;DCMI_D9;;EVENTOUT;I2C3_SCL, SPI5_MISO, ETH_MII_RXD3, FMC_SDCKE1, DCMI_D9, EVENTOUT;;;
PH8;;;;94;T13;I/O;FT_fha;;;TIM5_ETR;;I2C3_SDA;;;;;;;;FMC_D16;DCMI_HSYNC;LCD_R2;EVENTOUT;TIM5_ETR, I2C3_SDA, FMC_D16, DCMI_HSYNC, LCD_R2, EVENTOUT;;;
VSS;;E13;;;;S;;;;;;;;;;;;;;;;;;;;;
VDD;M4;L9;;;M13;S;;;;;;;;;;;;;;;;;;;;;
PH9;;;;95;R13;I/O;FT_h;;;;;I2C3_SMBA;;;;;;;;FMC_D17;DCMI_D0;LCD_R3;EVENTOUT;TIM12_CH2, I2C3_SMBA, FMC_D17, DCMI_D0, LCD_R3, EVENTOUT;;;AF mismatch — only in Table 8 summary [TIM12_CH2], only in AF table [none]
PH10;;;;96;P13;I/O;FT_h;;;TIM5_CH1;;I2C4_SMBA;;;;;;;;FMC_D18;DCMI_D1;LCD_R4;EVENTOUT;TIM5_CH1, I2C4_SMBA, FMC_D18, DCMI_D1, LCD_R4, EVENTOUT;;;
PH11;;;;97;P14;I/O;FT_fh;;;TIM5_CH2;;I2C4_SCL;;;;;;;;FMC_D19;DCMI_D2;LCD_R5;EVENTOUT;TIM5_CH2, I2C4_SCL, FMC_D19, DCMI_D2, LCD_R5, EVENTOUT;;;
PH12;;;;98;R14;I/O;FT_fh;;;TIM5_CH3;;I2C4_SDA;;;;;;;;FMC_D20;DCMI_D3;LCD_R6;EVENTOUT;TIM5_CH3, I2C4_SDA, FMC_D20, DCMI_D3, LCD_R6, EVENTOUT;;;
VSS;;D1;83;99;N16;S;;;;;;;;;;;;;;;;;;;;;
VDD;M4;;84;100;;S;;;;;;;;;;;;;;;;;;;;;
PB12;J5;L10;85;101;T14;I/O;FT_u;;TIM1_BKIN;;;I2C2_SMBA;SPI2_NSS/I2S2_WS;DFSDM1_DATIN1;USART3_CK;;FDCAN2_RX;OTG_HS_ULPI_D5;ETH_MII_TXD0/ETH_RMII_TXD0;OTG_HS_ID;TIM1_BKIN_COMP12;UART5_RX;EVENTOUT;TIM1_BKIN, I2C2_SMBA, SPI2_NSS/I2S2_WS, DFSDM1_DATIN1, USART3_CK, FDCAN2_RX, OTG_HS_ULPI_D5, ETH_MII_TXD0/ETH_RMII_TXD0, OTG_HS_ID, TIM1_BKIN_COMP12, UART5_RX, EVENTOUT;;4: When the pin is used in USB configuration (OTG_HS_ID/OTG_HS_VBUS), the I/O is supplied by V , otherwise it is DD33USB supplied by V . DD;
PB13;H5;M10;86;102;U14;I/O;FT_u;;TIM1_CH1N;;LPTIM2_OUT;;SPI2_SCK/I2S2_CK;DFSDM1_CKIN1;USART3_CTS/USART3_NSS;;FDCAN2_TX;OTG_HS_ULPI_D6;ETH_MII_TXD1/ETH_RMII_TXD1;;;UART5_TX;EVENTOUT;TIM1_CH1N, LPTIM2_OUT, SPI2_SCK/I2S2_CK, DFSDM1_CKIN1, USART3_CTS/USART3_NSS, FDCAN2_TX, OTG_HS_ULPI_D6, ETH_MII_TXD1/ETH_RMII_TXD1, UART5_TX, EVENTOUT;OTG_HS_VBUS;4: When the pin is used in USB configuration (OTG_HS_ID/OTG_HS_VBUS), the I/O is supplied by V , otherwise it is DD33USB supplied by V . DD;
PB14;M3;N11;87;103;U15;I/O;FT_u;;TIM1_CH2N;;TIM8_CH2N;USART1_TX;SPI2_MISO/I2S2_SDI;DFSDM1_DATIN2;USART3_RTS/USART3_DE;UART4_RTS/UART4_DE;SDMMC2_D0;;;OTG_HS_DM;;;EVENTOUT;TIM1_CH2N, TIM12_CH1, TIM8_CH2N, USART1_TX, SPI2_MISO/I2S2_SDI, DFSDM1_DATIN2, USART3_RTS/USART3_DE, UART4_RTS/UART4_DE, SDMMC2_D0, OTG_HS_DM, EVENTOUT;;;AF mismatch — only in Table 8 summary [TIM12_CH1], only in AF table [none]
PB15;M2;M11;88;104;T15;I/O;FT_u;RTC_REFIN;TIM1_CH3N;;TIM8_CH3N;USART1_RX;SPI2_MOSI/I2S2_SDO;DFSDM1_CKIN2;;UART4_CTS;SDMMC2_D1;;;OTG_HS_DP;;;EVENTOUT;RTC_REFIN, TIM1_CH3N, TIM12_CH2, TIM8_CH3N, USART1_RX, SPI2_MOSI/I2S2_SDO, DFSDM1_CKIN2, UART4_CTS, SDMMC2_D1, OTG_HS_DP, EVENTOUT;;;AF mismatch — only in Table 8 summary [TIM12_CH2], only in AF table [none]
PD8;G5;N12;89;105;U16;I/O;FT_h;;;;DFSDM1_CKIN3;;;SAI3_SCK_B;USART3_TX;;SPDIFRX1_IN2;;;FMC_D13/FMC_DA13;;;EVENTOUT;DFSDM1_CKIN3, SAI3_SCK_B, USART3_TX, SPDIFRX1_IN2, FMC_D13/FMC_DA13, EVENTOUT;;;
PD9;K4;M12;90;106;T17;I/O;FT_h;;;;DFSDM1_DATIN3;;;SAI3_SD_B;USART3_RX;;;;;FMC_D14/FMC_DA14;;;EVENTOUT;DFSDM1_DATIN3, SAI3_SD_B, USART3_RX, FMC_D14/FMC_DA14, EVENTOUT;;;
PD10;L3;N13;91;107;T16;I/O;FT_h;;;;DFSDM1_CKOUT;;;SAI3_FS_B;USART3_CK;;;;;FMC_D15/FMC_DA15;;LCD_B3;EVENTOUT;DFSDM1_CKOUT, SAI3_FS_B, USART3_CK, FMC_D15/FMC_DA15, LCD_B3, EVENTOUT;;;
VDD;;L11;92;108;N12;S;;;;;;;;;;;;;;;;;;;;;
VSS;M1;L13;93;109;U17;S;;;;;;;;;;;;;;;;;;;;;
PD11;J4;K10;94;110;R15;I/O;FT_h;;;;LPTIM2_IN2;I2C4_SMBA;;;USART3_CTS/USART3_NSS;;QUADSPI_BK1_IO0;SAI2_SD_A;;FMC_A16;;;EVENTOUT;LPTIM2_IN2, I2C4_SMBA, USART3_CTS/USART3_NSS, QUADSPI_BK1_IO0, SAI2_SD_A, FMC_A16, EVENTOUT;;;
PD12;L2;J10;95;111;R16;I/O;FT_fh;;LPTIM1_IN1;TIM4_CH1;LPTIM2_IN1;I2C4_SCL;;;USART3_RTS/USART3_DE;;QUADSPI_BK1_IO1;SAI2_FS_A;;FMC_A17;;;EVENTOUT;LPTIM1_IN1, TIM4_CH1, LPTIM2_IN1, I2C4_SCL, USART3_RTS/USART3_DE, QUADSPI_BK1_IO1, SAI2_FS_A, FMC_A17, EVENTOUT;;;
PD13;K3;J9;96;112;R17;I/O;FT_fh;;LPTIM1_OUT;TIM4_CH2;;I2C4_SDA;;;;;QUADSPI_BK1_IO3;SAI2_SCK_A;;FMC_A18;;;EVENTOUT;LPTIM1_OUT, TIM4_CH2, I2C4_SDA, QUADSPI_BK1_IO3, SAI2_SCK_A, FMC_A18, EVENTOUT;;;
VSS;L1;;;113;;S;;;;;;;;;;;;;;;;;;;;;
VDD;;;;114;N11;S;;;;;;;;;;;;;;;;;;;;;
PD14;H4;H9;97;115;P16;I/O;FT_h;;;TIM4_CH3;;;;SAI3_MCLK_B;;UART8_CTS;;;;FMC_D0/FMC_DA0;;;EVENTOUT;TIM4_CH3, SAI3_MCLK_B, UART8_CTS, FMC_D0/FMC_DA0, EVENTOUT;;;
PD15;J3;H10;98;116;P15;I/O;FT_h;;;TIM4_CH4;;;;SAI3_MCLK_A;;UART8_RTS/UART8_DE;;;;FMC_D1/FMC_DA1;;;EVENTOUT;TIM4_CH4, SAI3_MCLK_A, UART8_RTS/UART8_DE, FMC_D1/FMC_DA1, EVENTOUT;;;
PJ6;;;;;N15;I/O;FT;;;;TIM8_CH2;;;;;;;;;;;LCD_R7;EVENTOUT;TIM8_CH2, LCD_R7, EVENTOUT;;;
PJ7;;;;;N14;I/O;FT;TRGIN;;;TIM8_CH2N;;;;;;;;;;;LCD_G0;EVENTOUT;TRGIN, TIM8_CH2N, LCD_G0, EVENTOUT;;;
VDD;K2;;;;N10;S;;;;;;;;;;;;;;;;;;;;;
VSS;;C12;;;R8;S;;;;;;;;;;;;;;;;;;;;;
PJ8;;;;;N13;I/O;FT;;TIM1_CH3N;;TIM8_CH1;;;;;UART8_TX;;;;;;LCD_G1;EVENTOUT;TIM1_CH3N, TIM8_CH1, UART8_TX, LCD_G1, EVENTOUT;;;
PJ9;;;;;M14;I/O;FT;;TIM1_CH3;;TIM8_CH1N;;;;;UART8_RX;;;;;;LCD_G2;EVENTOUT;TIM1_CH3, TIM8_CH1N, UART8_RX, LCD_G2, EVENTOUT;;;
PJ10;;;;;L14;I/O;FT;;TIM1_CH2N;;TIM8_CH2;;SPI5_MOSI;;;;;;;;;LCD_G3;EVENTOUT;TIM1_CH2N, TIM8_CH2, SPI5_MOSI, LCD_G3, EVENTOUT;;;
PJ11;;;;;K14;I/O;FT;;TIM1_CH2;;TIM8_CH2N;;SPI5_MISO;;;;;;;;;LCD_G4;EVENTOUT;TIM1_CH2, TIM8_CH2N, SPI5_MISO, LCD_G4, EVENTOUT;;;
VDD;;;99;117;N8;S;;;;;;;;;;;;;;;;;;;;;
VDDDSI;;M13;;;P17;S;;;;;;;;;;;;;;;;;;;;;
VSS;;;100;118;U1;S;;;;;;;;;;;;;;;;;;;;;
VCAPDSI;K1;L12;101;119;N17;S;;;;;;;;;;;;;;;;;;;;;
VDD12DSI;;;102;120;;S;;;;;;;;;;;;;;;;;;;;;
DSI_D0P;J2;K12;103;121;M16;I/O;TT;;;;;;;;;;;;;;;;;;;;
DSI_D0N;J1;K13;104;122;M17;I/O;TT;;;;;;;;;;;;;;;;;;;;
VSSDSI;H3;G12;105;123;K15;S;;;;;;;;;;;;;;;;;;;;;
DSI_CKP;H2;J12;106;124;L16;I/O;TT;;;;;;;;;;;;;;;;;;;;
DSI_CKN;H1;J13;107;125;L17;I/O;TT;;;;;;;;;;;;;;;;;;;;
VDD12DSI;;;108;126;;S;;;;;;;;;;;;;;;;;;;;;
DSI_D1P;G2;H12;;127;K16;I/O;TT;;;;;;;;;;;;;;;;;;;;
DSI_D1N;G1;H13;;128;K17;I/O;TT;;;;;;;;;;;;;;;;;;;;
VSSDSI;;G13;109;129;L15;S;;;;;;;;;;;;;;;;;;;;;
PK0;;;;;J14;I/O;FT;;TIM1_CH1N;;TIM8_CH3;;SPI5_SCK;;;;;;;;;LCD_G5;EVENTOUT;TIM1_CH1N, TIM8_CH3, SPI5_SCK, LCD_G5, EVENTOUT;;;
PK1;;;;;J15;I/O;FT;;TIM1_CH1;;TIM8_CH3N;;SPI5_NSS;;;;;;;;;LCD_G6;EVENTOUT;TIM1_CH1, TIM8_CH3N, SPI5_NSS, LCD_G6, EVENTOUT;;;
PK2;;;;;H17;I/O;FT;;TIM1_BKIN;;TIM8_BKIN;;;;;;;TIM8_BKIN_COMP12;TIM1_BKIN_COMP12;;;LCD_G7;EVENTOUT;TIM1_BKIN, TIM8_BKIN, TIM8_BKIN_COMP12, TIM1_BKIN_COMP12, LCD_G7, EVENTOUT;;;
PG2;G3;H7;110;130;H16;I/O;FT_h;;;;TIM8_BKIN;;;;;;;;TIM8_BKIN_COMP12;FMC_A12;;;EVENTOUT;TIM8_BKIN, TIM8_BKIN_COMP12, FMC_A12, EVENTOUT;;;
PG3;G4;G8;111;131;H15;I/O;FT_h;;;;TIM8_BKIN2;;;;;;;;TIM8_BKIN2_COMP12;FMC_A13;;;EVENTOUT;TIM8_BKIN2, TIM8_BKIN2_COMP12, FMC_A13, EVENTOUT;;;
VSS;;;112;132;;S;;;;;;;;;;;;;;;;;;;;;
VDD;;E12;113;133;N7;S;;;;;;;;;;;;;;;;;;;;;
PG4;F4;G10;114;134;H14;I/O;FT_h;;TIM1_BKIN2;;;;;;;;;;TIM1_BKIN2_COMP12;FMC_A14/FMC_BA0;;;EVENTOUT;TIM1_BKIN2, TIM1_BKIN2_COMP12, FMC_A14/FMC_BA0, EVENTOUT;;;
PG5;F1;G9;115;135;G14;I/O;FT_h;;TIM1_ETR;;;;;;;;;;;FMC_A15/FMC_BA1;;;EVENTOUT;TIM1_ETR, FMC_A15/FMC_BA1, EVENTOUT;;;
PG6;;G11;116;136;G15;I/O;FT_h;;TIM17_BKIN;HRTIM_CHE1;;;;;;;;QUADSPI_BK1_NCS;;FMC_NE3;DCMI_D12;LCD_R7;EVENTOUT;TIM17_BKIN, HRTIM_CHE1, QUADSPI_BK1_NCS, FMC_NE3, DCMI_D12, LCD_R7, EVENTOUT;;;
PG7;;F8;117;137;F16;I/O;FT_h;;;HRTIM_CHE2;;;;SAI1_MCLK_A;USART6_CK;;;;;FMC_INT;DCMI_D13;LCD_CLK;EVENTOUT;HRTIM_CHE2, SAI1_MCLK_A, USART6_CK, FMC_INT, DCMI_D13, LCD_CLK, EVENTOUT;;;
PG8;F2;F9;118;138;F15;I/O;FT_h;;;;TIM8_ETR;;SPI6_NSS;;USART6_RTS/USART6_DE;SPDIFRX1_IN3;;;ETH_PPS_OUT;FMC_SDCLK;;LCD_G7;EVENTOUT;TIM8_ETR, SPI6_NSS, USART6_RTS/USART6_DE, SPDIFRX1_IN3, ETH_PPS_OUT, FMC_SDCLK, LCD_G7, EVENTOUT;;;
VSS;F3;;119;139;G16;S;;;;;;;;;;;;;;;;;;;;;
VDD50USB;E3;F12;120;140;G17;S;;;;;;;;;;;;;;;;;;;;5: When it is not available on a package, the VDD50USB pin is internally tied to VDD33USB.;
VDD33USB;E1;F13;121;141;F17;S;;;;;;;;;;;;;;;;;;;;;
VDD;E2;;;;M5;S;;;;;;;;;;;;;;;;;;;;;
PC6;F5;F11;122;142;F14;I/O;FT_h;;HRTIM_CHA1;TIM3_CH1;TIM8_CH1;DFSDM1_CKIN3;I2S2_MCK;;USART6_TX;SDMMC1_D0DIR;FMC_NWAIT;SDMMC2_D6;;SDMMC1_D6;DCMI_D0;LCD_HSYNC;EVENTOUT;HRTIM_CHA1, TIM3_CH1, TIM8_CH1, DFSDM1_CKIN3, I2S2_MCK, USART6_TX, SDMMC1_D0DIR, FMC_NWAIT, SDMMC2_D6, SDMMC1_D6, DCMI_D0, LCD_HSYNC, EVENTOUT;SWPMI_IO;;
PC7;E4;E10;123;143;F13;I/O;FT_h;TRGIO;HRTIM_CHA2;TIM3_CH2;TIM8_CH2;DFSDM1_DATIN3;;I2S3_MCK;USART6_RX;SDMMC1_D123DIR;FMC_NE1;SDMMC2_D7;SWPMI_TX;SDMMC1_D7;DCMI_D1;LCD_G6;EVENTOUT;TRGIO, HRTIM_CHA2, TIM3_CH2, TIM8_CH2, DFSDM1_DATIN3, I2S3_MCK, USART6_RX, SDMMC1_D123DIR, FMC_NE1, SDMMC2_D7, SWPMI_TX, SDMMC1_D7, DCMI_D1, LCD_G6, EVENTOUT;;;
PC8;D1;F10;124;144;E13;I/O;FT_h;TRACED1;HRTIM_CHB1;TIM3_CH3;TIM8_CH3;;;;USART6_CK;UART5_RTS/UART5_DE;FMC_NE2/FMC_NCE;;SWPMI_RX;SDMMC1_D0;DCMI_D2;;EVENTOUT;TRACED1, HRTIM_CHB1, TIM3_CH3, TIM8_CH3, USART6_CK, UART5_RTS/UART5_DE, FMC_NE2/FMC_NCE, SWPMI_RX, SDMMC1_D0, DCMI_D2, EVENTOUT;;;
PC9;D2;E11;125;145;E14;I/O;FT_fh;MCO2;;TIM3_CH4;TIM8_CH4;I2C3_SDA;I2S_CKIN;;;UART5_CTS;QUADSPI_BK1_IO0;LCD_G3;SWPMI_SUSPEND;SDMMC1_D1;DCMI_D3;LCD_B2;EVENTOUT;MCO2, TIM3_CH4, TIM8_CH4, I2C3_SDA, I2S_CKIN, UART5_CTS, QUADSPI_BK1_IO0, LCD_G3, SWPMI_SUSPEND, SDMMC1_D1, DCMI_D3, LCD_B2, EVENTOUT;;;
VDD;;;126;;L5;S;;;;;;;;;;;;;;;;;;;;;
PA8;D3;D10;127;146;E15;I/O;FT_fha;MCO1;TIM1_CH1;HRTIM_CHB2;TIM8_BKIN2;I2C3_SCL;;;USART1_CK;;;OTG_FS_SOF;UART7_RX;TIM8_BKIN2_COMP12;LCD_B3;LCD_R6;EVENTOUT;MCO1, TIM1_CH1, HRTIM_CHB2, TIM8_BKIN2, I2C3_SCL, USART1_CK, OTG_FS_SOF, UART7_RX, TIM8_BKIN2_COMP12, LCD_B3, LCD_R6, EVENTOUT;;;
PA9;D4;D11;128;147;D15;I/O;FT_u;;TIM1_CH2;HRTIM_CHC1;LPUART1_TX;I2C3_SMBA;SPI2_SCK/I2S2_CK;;USART1_TX;;;;ETH_TX_ER;;DCMI_D0;LCD_R5;EVENTOUT;TIM1_CH2, HRTIM_CHC1, LPUART1_TX, I2C3_SMBA, SPI2_SCK/I2S2_CK, USART1_TX, DCMI_D0, LCD_R5, EVENTOUT;OTG_FS_VBUS;;AF mismatch — only in Table 8 summary [none], only in AF table [ETH_TX_ER]
PA10;C2;A13;129;148;D14;I/O;FT_u;;TIM1_CH3;HRTIM_CHC2;LPUART1_RX;;;;USART1_RX;;;OTG_FS_ID;MDIOS_MDIO;LCD_B4;DCMI_D1;LCD_B1;EVENTOUT;TIM1_CH3, HRTIM_CHC2, LPUART1_RX, USART1_RX, OTG_FS_ID, MDIOS_MDIO, LCD_B4, DCMI_D1, LCD_B1, EVENTOUT;;;
PA11;C1;D12;130;149;E17;I/O;FT_u;;TIM1_CH4;HRTIM_CHD1;LPUART1_CTS;;SPI2_NSS/I2S2_WS;UART4_RX;USART1_CTS/USART1_NSS;;FDCAN1_RX;OTG_FS_DM;;;;LCD_R4;EVENTOUT;TIM1_CH4, HRTIM_CHD1, LPUART1_CTS, SPI2_NSS/I2S2_WS, UART4_RX, USART1_CTS/USART1_NSS, FDCAN1_RX, OTG_FS_DM, LCD_R4, EVENTOUT;;;
PA12;B1;D13;131;150;E16;I/O;FT_u;;TIM1_ETR;HRTIM_CHD2;LPUART1_RTS/LPUART1_DE;;SPI2_SCK/I2S2_CK;UART4_TX;USART1_RTS/USART1_DE;SAI2_FS_B;FDCAN1_TX;OTG_FS_DP;;;;LCD_R5;EVENTOUT;TIM1_ETR, HRTIM_CHD2, LPUART1_RTS/LPUART1_DE, SPI2_SCK/I2S2_CK, UART4_TX, USART1_RTS/USART1_DE, SAI2_FS_B, FDCAN1_TX, OTG_FS_DP, LCD_R5, EVENTOUT;;;
PA13(JTMS/SWDIO);C3;B11;132;151;C15;I/O;FT;JTMS/SWDIO;;;;;;;;;;;;;;;EVENTOUT;JTMS-SWDIO, EVENTOUT;;;
VCAP;B2;C13;133;152;D17;S;;;;;;;;;;;;;;;;;;;;;
VSS;A1;;134;153;;S;;;;;;;;;;;;;;;;;;;;;
VDDLDO;A2;B13;135;154;C17;;;;;;;;;;;;;;;;;;;;;;
VDD;B3;;136;155;K5;S;;;;;;;;;;;;;;;;;;;;;
PH13;;;;156;D16;I/O;FT_h;;;;TIM8_CH1N;;;;;UART4_TX;FDCAN1_TX;;;FMC_D21;;LCD_G2;EVENTOUT;TIM8_CH1N, UART4_TX, FDCAN1_TX, FMC_D21, LCD_G2, EVENTOUT;;;
PH14;;;;157;B17;I/O;FT_h;;;;TIM8_CH2N;;;;;UART4_RX;FDCAN1_RX;;;FMC_D22;DCMI_D4;LCD_G3;EVENTOUT;TIM8_CH2N, UART4_RX, FDCAN1_RX, FMC_D22, DCMI_D4, LCD_G3, EVENTOUT;;;
PH15;;;;158;B16;I/O;FT_h;;;;TIM8_CH3N;;;;;;;;;FMC_D23;DCMI_D11;LCD_G4;EVENTOUT;TIM8_CH3N, FMC_D23, DCMI_D11, LCD_G4, EVENTOUT;;;
PI0;;;;159;A16;I/O;FT_h;;;TIM5_CH4;;;SPI2_NSS/I2S2_WS;;;;;;;FMC_D24;DCMI_D13;LCD_G5;EVENTOUT;TIM5_CH4, SPI2_NSS/I2S2_WS, FMC_D24, DCMI_D13, LCD_G5, EVENTOUT;;;
VSS;;;;160;;S;;;;;;;;;;;;;;;;;;;;;
VDD;;B12;;161;VDD;S;;;;;;;;;;;;;;;;;;;;;
PI1;;;;162;A15;I/O;FT_h;;;;TIM8_BKIN2;;SPI2_SCK/I2S2_CK;;;;;;TIM8_BKIN2_COMP12;FMC_D25;DCMI_D8;LCD_G6;EVENTOUT;TIM8_BKIN2, SPI2_SCK/I2S2_CK, TIM8_BKIN2_COMP12, FMC_D25, DCMI_D8, LCD_G6, EVENTOUT;;;
PI2;;;;163;B15;I/O;FT_h;;;;TIM8_CH4;;SPI2_MISO/I2S2_SDI;;;;;;;FMC_D26;DCMI_D9;LCD_G7;EVENTOUT;TIM8_CH4, SPI2_MISO/I2S2_SDI, FMC_D26, DCMI_D9, LCD_G7, EVENTOUT;;;
PI3;;;;164;C14;I/O;FT_h;;;;TIM8_ETR;;SPI2_MOSI/I2S2_SDO;;;;;;;FMC_D27;DCMI_D10;;EVENTOUT;TIM8_ETR, SPI2_MOSI/I2S2_SDO, FMC_D27, DCMI_D10, EVENTOUT;;;
VSS;C4;;137;;;S;;;;;;;;;;;;;;;;;;;;;
VDD;B3;;;;VDD;S;;;;;;;;;;;;;;;;;;;;;
PA14(JTCK/SWCLK);E5;A11;138;165;B14;I/O;FT;JTCK/SWCLK;;;;;;;;;;;;;;;EVENTOUT;JTCK-SWCLK, EVENTOUT;;;
PA15(JTDI);A3;B10;139;166;A14;I/O;FT;JTDI;TIM2_CH1/TIM2_ETR;HRTIM_FLT1;;CEC;SPI1_NSS/I2S1_WS;SPI3_NSS/I2S3_WS;SPI6_NSS;UART4_RTS/UART4_DE;;;UART7_TX;;DSI_TE;;EVENTOUT;JTDI, TIM2_CH1/TIM2_ETR, HRTIM_FLT1, CEC, SPI1_NSS/I2S1_WS, SPI3_NSS/I2S3_WS, SPI6_NSS, UART4_RTS/UART4_DE, UART7_TX, DSI_TE, EVENTOUT;;;
PC10;D5;C11;140;167;A13;I/O;FT_ha;;;HRTIM_EEV1;DFSDM1_CKIN5;;;SPI3_SCK/I2S3_CK;USART3_TX;UART4_TX;QUADSPI_BK1_IO1;;;SDMMC1_D2;DCMI_D8;LCD_R2;EVENTOUT;HRTIM_EEV1, DFSDM1_CKIN5, SPI3_SCK/I2S3_CK, USART3_TX, UART4_TX, QUADSPI_BK1_IO1, SDMMC1_D2, DCMI_D8, LCD_R2, EVENTOUT;;;
PC11;C5;E9;141;168;B13;I/O;FT_h;;;HRTIM_FLT2;DFSDM1_DATIN5;;;SPI3_MISO/I2S3_SDI;USART3_RX;UART4_RX;QUADSPI_BK2_NCS;;;SDMMC1_D3;DCMI_D4;;EVENTOUT;HRTIM_FLT2, DFSDM1_DATIN5, SPI3_MISO/I2S3_SDI, USART3_RX, UART4_RX, QUADSPI_BK2_NCS, SDMMC1_D3, DCMI_D4, EVENTOUT;;;
PC12;B4;D9;142;169;C12;I/O;FT_h;TRACED3;;HRTIM_EEV2;;;;SPI3_MOSI/I2S3_SDO;USART3_CK;UART5_TX;;;;SDMMC1_CK;DCMI_D9;;EVENTOUT;TRACED3, HRTIM_EEV2, SPI3_MOSI/I2S3_SDO, USART3_CK, UART5_TX, SDMMC1_CK, DCMI_D9, EVENTOUT;;;
VSS;;A7;;;;S;;;;;;;;;;;;;;;;;;;;;
VDD;;;;;VDD;S;;;;;;;;;;;;;;;;;;;;;
PD0;A4;C10;143;170;D13;I/O;FT_h;;;;DFSDM1_CKIN6;;;SAI3_SCK_A;;UART4_RX;FDCAN1_RX;;;FMC_D2/FMC_DA2;;;EVENTOUT;DFSDM1_CKIN6, SAI3_SCK_A, UART4_RX, FDCAN1_RX, FMC_D2/FMC_DA2, EVENTOUT;;;
PD1;F6;C9;144;171;E12;I/O;FT_h;;;;DFSDM1_DATIN6;;;SAI3_SD_A;;UART4_TX;FDCAN1_TX;;;FMC_D3/FMC_DA3;;;EVENTOUT;DFSDM1_DATIN6, SAI3_SD_A, UART4_TX, FDCAN1_TX, FMC_D3/FMC_DA3, EVENTOUT;;;
PD2;E6;E8;145;172;D12;I/O;FT_h;TRACED2;;TIM3_ETR;;;;;;UART5_RX;;;;SDMMC1_CMD;DCMI_D11;;EVENTOUT;TRACED2, TIM3_ETR, UART5_RX, SDMMC1_CMD, DCMI_D11, EVENTOUT;;;
PD3;B5;A10;146;173;B12;I/O;FT_h;;;;DFSDM1_CKOUT;;SPI2_SCK/I2S2_CK;;USART2_CTS/USART2_NSS;;;;;FMC_CLK;DCMI_D5;LCD_G7;EVENTOUT;DFSDM1_CKOUT, SPI2_SCK/I2S2_CK, USART2_CTS/USART2_NSS, FMC_CLK, DCMI_D5, LCD_G7, EVENTOUT;;;
PD4;A5;D8;147;174;A12;I/O;FT_h;;;HRTIM_FLT3;;;;SAI3_FS_A;USART2_RTS/USART2_DE;;;;;FMC_NOE;;;EVENTOUT;HRTIM_FLT3, SAI3_FS_A, USART2_RTS/USART2_DE, FMC_NOE, EVENTOUT;;;
PD5;F7;C8;148;175;A11;I/O;FT_h;;;HRTIM_EEV3;;;;;USART2_TX;;;;;FMC_NWE;;;EVENTOUT;HRTIM_EEV3, USART2_TX, FMC_NWE, EVENTOUT;;;
VSS;B6;;;;;S;;;;;;;;;;;;;;;;;;;;;
VDD;A6;B2;;;VDD;S;;;;;;;;;;;;;;;;;;;;;
PD6;C6;B8;149;176;B11;I/O;FT_h;;;SAI1_D1;DFSDM1_CKIN4;DFSDM1_DATIN1;SPI3_MOSI/I2S3_SDO;SAI1_SD_A;USART2_RX;SAI4_SD_A;;SAI4_D1;SDMMC2_CK;FMC_NWAIT;DCMI_D10;LCD_B2;EVENTOUT;SAI1_D1, DFSDM1_CKIN4, DFSDM1_DATIN1, SPI3_MOSI/I2S3_SDO, SAI1_SD_A, USART2_RX, SAI4_SD_A, SAI4_D1, SDMMC2_CK, FMC_NWAIT, DCMI_D10, LCD_B2, EVENTOUT;;;
PD7;D6;A8;150;177;C11;I/O;FT_h;;;;DFSDM1_DATIN4;;SPI1_MOSI/I2S1_SDO;DFSDM1_CKIN1;USART2_CK;;SPDIFRX1_IN1;;SDMMC2_CMD;FMC_NE1;;;EVENTOUT;DFSDM1_DATIN4, SPI1_MOSI/I2S1_SDO, DFSDM1_CKIN1, USART2_CK, SPDIFRX1_IN0, SDMMC2_CMD, FMC_NE1, EVENTOUT;;;AF mismatch — only in Table 8 summary [SPDIFRX1_IN0], only in AF table [SPDIFRX1_IN1]
PJ12;;;;;D11;I/O;FT;TRGOUT;;;;;;;;;LCD_G3;;;;;LCD_B0;EVENTOUT;TRGOUT, LCD_G3, LCD_B0, EVENTOUT;;;
PJ13;;;;;E10;I/O;FT;;;;;;;;;;LCD_B4;;;;;LCD_B1;EVENTOUT;LCD_B4, LCD_B1, EVENTOUT;;;
PJ14;;;;;D10;I/O;FT;;;;;;;;;;;;;;;LCD_B2;EVENTOUT;LCD_B2, EVENTOUT;;;
PJ15;;;;;B10;I/O;FT;;;;;;;;;;;;;;;LCD_B3;EVENTOUT;LCD_B3, EVENTOUT;;;
VSS;B9;B9;151;178;;S;;;;;;;;;;;;;;;;;;;;;
VDD;;;152;179;VDD;S;;;;;;;;;;;;;;;;;;;;;
PG9;;C7;153;180;A10;I/O;FT_h;;;;;;SPI1_MISO/I2S1_SDI;;USART6_RX;SPDIFRX1_IN4;QUADSPI_BK2_IO2;SAI2_FS_B;;FMC_NE2/FMC_NCE;DCMI_VSYNC;;EVENTOUT;SPI1_MISO/I2S1_SDI, USART6_RX, SPDIFRX1_IN4, QUADSPI_BK2_IO2, SAI2_FS_B, FMC_NE2/FMC_NCE, DCMI_VSYNC, EVENTOUT;;;
PG10;;D7;154;181;A9;I/O;FT_h;;;HRTIM_FLT5;;;SPI1_NSS/I2S1_WS;;;;LCD_G3;SAI2_SD_B;;FMC_NE3;DCMI_D2;LCD_B2;EVENTOUT;HRTIM_FLT5, SPI1_NSS/I2S1_WS, LCD_G3, SAI2_SD_B, FMC_NE3, DCMI_D2, LCD_B2, EVENTOUT;;;
PG11;;E7;155;182;B9;I/O;FT_h;;LPTIM1_IN2;HRTIM_EEV4;;;SPI1_SCK/I2S1_CK;;;SPDIFRX1_IN1;;SDMMC2_D2;ETH_MII_TX_EN/ETH_RMII_TX_EN;;DCMI_D3;LCD_B3;EVENTOUT;LPTIM1_IN2, HRTIM_EEV4, SPI1_SCK/I2S1_CK, SPDIFRX1_IN1, SDMMC2_D2, ETH_MII_TX_EN/ETH_RMII_TX_EN, DCMI_D3, LCD_B3, EVENTOUT;;;
PG12;;G7;156;183;C9;I/O;FT_h;;LPTIM1_IN1;HRTIM_EEV5;;;SPI6_MISO;;USART6_RTS/USART6_DE;SPDIFRX1_IN2;LCD_B4;;ETH_MII_TXD1/ETH_RMII_TXD1;FMC_NE4;;LCD_B1;EVENTOUT;LPTIM1_IN1, HRTIM_EEV5, SPI6_MISO, USART6_RTS/USART6_DE, SPDIFRX1_IN2, LCD_B4, ETH_MII_TXD1/ETH_RMII_TXD1, FMC_NE4, LCD_B1, EVENTOUT;;;
PG13;;F7;157;184;D9;I/O;FT_h;TRACED0;LPTIM1_OUT;HRTIM_EEV10;;;SPI6_SCK;;USART6_CTS/USART6_NSS;;;;ETH_MII_TXD0/ETH_RMII_TXD0;FMC_A24;;LCD_R0;EVENTOUT;TRACED0, LPTIM1_OUT, HRTIM_EEV10, SPI6_SCK, USART6_CTS/USART6_NSS, ETH_MII_TXD0/ETH_RMII_TXD0, FMC_A24, LCD_R0, EVENTOUT;;;
PG14;;E6;158;185;D8;I/O;FT_h;TRACED1;LPTIM1_ETR;;;;SPI6_MOSI;;USART6_TX;;QUADSPI_BK2_IO3;;ETH_MII_TXD1/ETH_RMII_TXD1;FMC_A25;;LCD_B0;EVENTOUT;TRACED1, LPTIM1_ETR, SPI6_MOSI, USART6_TX, QUADSPI_BK2_IO3, ETH_MII_TXD1/ETH_RMII_TXD1, FMC_A25, LCD_B0, EVENTOUT;;;
VSS;;;159;186;;S;;;;;;;;;;;;;;;;;;;;;
VDD;;;160;187;VDD;S;;;;;;;;;;;;;;;;;;;;;
PK3;;;;;C8;I/O;FT;;;;;;;;;;;;;;;LCD_B4;EVENTOUT;LCD_B4, EVENTOUT;;;
PK4;;;;;B8;I/O;FT;;;;;;;;;;;;;;;LCD_B5;EVENTOUT;LCD_B5, EVENTOUT;;;
PK5;;;;;A8;I/O;FT;;;;;;;;;;;;;;;LCD_B6;EVENTOUT;LCD_B6, EVENTOUT;;;
PK6;;;;;C7;I/O;FT;;;;;;;;;;;;;;;LCD_B7;EVENTOUT;LCD_B7, EVENTOUT;;;
PK7;;;;;D7;I/O;FT;;;;;;;;;;;;;;;LCD_DE;EVENTOUT;LCD_DE, EVENTOUT;;;
VDD;;B7;;;VDD;S;;;;;;;;;;;;;;;;;;;;;
PG15;A7;C6;161;188;D6;I/O;FT_h;;;;;;;;USART6_CTS/USART6_NSS;;;;;FMC_SDNCAS;DCMI_D13;;EVENTOUT;USART6_CTS/USART6_NSS, FMC_SDNCAS, DCMI_D13, EVENTOUT;;;
PB3(JTDO/TRACESWO);B7;A6;162;189;C6;I/O;FT;JTDO/TRACESWO;TIM2_CH2;HRTIM_FLT4;;;SPI1_SCK/I2S1_CK;SPI3_SCK/I2S3_CK;;SPI6_SCK;SDMMC2_D2;CRS_SYNC;UART7_RX;;;;EVENTOUT;JTDO/TRACESWO, TIM2_CH2, HRTIM_FLT4, SPI1_SCK/I2S1_CK, SPI3_SCK/I2S3_CK, SPI6_SCK, SDMMC2_D2, CRS_SYNC, UART7_RX, EVENTOUT;;;
PB4(NJTRST);A8;B6;163;190;B7;I/O;FT;NJTRST;TIM16_BKIN;TIM3_CH1;HRTIM_EEV6;;SPI1_MISO/I2S1_SDI;SPI3_MISO/I2S3_SDI;SPI2_NSS/I2S2_WS;SPI6_MISO;SDMMC2_D3;;UART7_TX;;;;EVENTOUT;NJTRST, TIM16_BKIN, TIM3_CH1, HRTIM_EEV6, SPI1_MISO/I2S1_SDI, SPI3_MISO/I2S3_SDI, SPI2_NSS/I2S2_WS, SPI6_MISO, SDMMC2_D3, UART7_TX, EVENTOUT;;;
PB5;B8;A5;164;191;A5;I/O;FT;;TIM17_BKIN;TIM3_CH2;HRTIM_EEV7;I2C1_SMBA;SPI1_MOSI/I2S1_SDO;I2C4_SMBA;SPI3_MOSI/I2S3_SDO;SPI6_MOSI;FDCAN2_RX;OTG_HS_ULPI_D7;ETH_PPS_OUT;FMC_SDCKE1;DCMI_D10;UART5_RX;EVENTOUT;TIM17_BKIN, TIM3_CH2, HRTIM_EEV7, I2C1_SMBA, SPI1_MOSI/I2S1_SDO, I2C4_SMBA, SPI3_MOSI/I2S3_SDO, SPI6_MOSI, FDCAN2_RX, OTG_HS_ULPI_D7, ETH_PPS_OUT, FMC_SDCKE1, DCMI_D10, UART5_RX, EVENTOUT;;;
VDD;A9;;;;VDD;S;;;;;;;;;;;;;;;;;;;;;
PB6;C7;E5;165;192;B5;I/O;FT_f;;TIM16_CH1N;TIM4_CH1;HRTIM_EEV8;I2C1_SCL;CEC;I2C4_SCL;USART1_TX;LPUART1_TX;FDCAN2_TX;QUADSPI_BK1_NCS;DFSDM1_DATIN5;FMC_SDNE1;DCMI_D5;UART5_TX;EVENTOUT;TIM16_CH1N, TIM4_CH1, HRTIM_EEV8, I2C1_SCL, CEC, I2C4_SCL, USART1_TX, LPUART1_TX, FDCAN2_TX, QUADSPI_BK1_NCS, DFSDM1_DATIN5, FMC_SDNE1, DCMI_D5, UART5_TX, EVENTOUT;;;
PB7;C8;C5;166;193;C5;I/O;FT_fa;;TIM17_CH1N;TIM4_CH2;HRTIM_EEV9;I2C1_SDA;;I2C4_SDA;USART1_RX;LPUART1_RX;;;DFSDM1_CKIN5;FMC_NL;DCMI_VSYNC;;EVENTOUT;TIM17_CH1N, TIM4_CH2, HRTIM_EEV9, I2C1_SDA, I2C4_SDA, USART1_RX, LPUART1_RX, DFSDM1_CKIN5, FMC_NL, DCMI_VSYNC, EVENTOUT;PVD_IN;;
BOOT0;D7;B5;167;194;E8;I;B;;;;;;;;;;;;;;;;;;VPP;;
PB8;A10;D5;168;195;D5;I/O;FT_fh;;TIM16_CH1;TIM4_CH3;DFSDM1_CKIN7;I2C1_SCL;;I2C4_SCL;SDMMC1_CKIN;UART4_RX;FDCAN1_RX;SDMMC2_D4;ETH_MII_TXD3;SDMMC1_D4;DCMI_D6;LCD_B6;EVENTOUT;TIM16_CH1, TIM4_CH3, DFSDM1_CKIN7, I2C1_SCL, I2C4_SCL, SDMMC1_CKIN, UART4_RX, FDCAN1_RX, SDMMC2_D4, ETH_MII_TXD3, SDMMC1_D4, DCMI_D6, LCD_B6, EVENTOUT;;;
PB9;C9;D6;169;196;D4;I/O;FT_fh;;TIM17_CH1;TIM4_CH4;DFSDM1_DATIN7;I2C1_SDA;SPI2_NSS/I2S2_WS;I2C4_SDA;SDMMC1_CDIR;UART4_TX;FDCAN1_TX;SDMMC2_D5;I2C4_SMBA;SDMMC1_D5;DCMI_D7;LCD_B7;EVENTOUT;TIM17_CH1, TIM4_CH4, DFSDM1_DATIN7, I2C1_SDA, SPI2_NSS/I2S2_WS, I2C4_SDA, SDMMC1_CDIR, UART4_TX, FDCAN1_TX, SDMMC2_D5, I2C4_SMBA, SDMMC1_D5, DCMI_D7, LCD_B7, EVENTOUT;;;
PE0;B10;D4;170;197;C4;I/O;FT_h;;LPTIM1_ETR;TIM4_ETR;HRTIM_SCIN;LPTIM2_ETR;;;;UART8_RX;;SAI2_MCLK_A;;FMC_NBL0;DCMI_D2;;EVENTOUT;LPTIM1_ETR, TIM4_ETR, HRTIM_SCIN, LPTIM2_ETR, UART8_RX, SAI2_MCLK_A, FMC_NBL0, DCMI_D2, EVENTOUT;;;
PE1;D8;C4;171;198;B4;I/O;FT_h;;LPTIM1_IN2;;HRTIM_SCOUT;;;;;UART8_TX;;;;FMC_NBL1;DCMI_D3;;EVENTOUT;LPTIM1_IN2, HRTIM_SCOUT, UART8_TX, FMC_NBL1, DCMI_D3, EVENTOUT;;;
VCAP;A11;A4;172;199;A7;S;;;;;;;;;;;;;;;;;;;;;
VSS;C10;;173;200;B6;S;;;;;;;;;;;;;;;;;;;;;
PDR_ON;E7;B3;174;201;E7;I;FT;;;;;;;;;;;;;;;;;;;;
VDDLDO;A12;A3;175;202;A6;S;;;;;;;;;;;;;;;;;;;;;
VDD;B11;;;;VDD;S;;;;;;;;;;;;;;;;;;;;;
PI4;;;;203;A4;I/O;FT_h;;;;TIM8_BKIN;;;;;;;SAI2_MCLK_A;TIM8_BKIN_COMP12;FMC_NBL2;DCMI_D5;LCD_B4;EVENTOUT;TIM8_BKIN, SAI2_MCLK_A, TIM8_BKIN_COMP12, FMC_NBL2, DCMI_D5, LCD_B4, EVENTOUT;;;
PI5;;;;204;A3;I/O;FT_h;;;;TIM8_CH1;;;;;;;SAI2_SCK_A;;FMC_NBL3;DCMI_VSYNC;LCD_B5;EVENTOUT;TIM8_CH1, SAI2_SCK_A, FMC_NBL3, DCMI_VSYNC, LCD_B5, EVENTOUT;;;
PI6;;;;205;A2;I/O;FT_h;;;;TIM8_CH2;;;;;;;SAI2_SD_A;;FMC_D28;DCMI_D6;LCD_B6;EVENTOUT;TIM8_CH2, SAI2_SD_A, FMC_D28, DCMI_D6, LCD_B6, EVENTOUT;;;
PI7;;;;206;B3;I/O;FT_h;;;;TIM8_CH3;;;;;;;SAI2_FS_A;;FMC_D29;DCMI_D7;LCD_B7;EVENTOUT;TIM8_CH3, SAI2_FS_A, FMC_D29, DCMI_D7, LCD_B7, EVENTOUT;;;
VSS;;;;207;;S;;;;;;;;;;;;;;;;;;;;;
VDD;B11;;176;208;VDD;S;;;;;;;;;;;;;;;;;;;;;
VSS;M13;;;;;S;;;;;;;;;;;;;;;;;;;;;
DNC;A13;;;;;;;;;;;;;;;;;;;;;;;;;;
VSSDSI;;;;;M15;S;;;;;;;;;;;;;;;;;;;;;
